learning_rate,max_depth,n_estimators,subsample,colsample_bytree,score
0.20333333333333334,12,200,1.0,0.7222222222222222,0.8914973360354214
0.1711111111111111,7,300,0.6111111111111112,0.5,0.7078551098973351
0.042222222222222223,14,300,0.7222222222222222,0.6666666666666666,0.9456286050947933
0.20333333333333334,3,200,0.5,0.8333333333333333,0.8115545572315204
0.3,12,100,0.8888888888888888,0.7777777777777778,0.8852742048102031
0.20333333333333334,14,150,0.9444444444444444,0.8888888888888888,0.9385716644768238
0.20333333333333334,14,100,0.7222222222222222,0.7222222222222222,0.8589569462080614
0.20333333333333334,12,250,0.6666666666666666,1.0,0.8661585089620223
0.20333333333333334,13,50,0.7222222222222222,0.6111111111111112,0.8754382253806398
0.1711111111111111,12,350,0.8333333333333333,0.6111111111111112,0.8285445215082488
0.20333333333333334,14,200,0.8333333333333333,0.9444444444444444,0.8343691639295421
0.1388888888888889,7,250,1.0,1.0,0.7293080615134323
0.20333333333333334,12,200,0.9444444444444444,0.6666666666666666,0.8093551385345557
0.3,13,150,0.7777777777777778,0.6666666666666666,0.7041908834326207
0.01,12,350,0.5555555555555556,0.6111111111111112,0.9484776388688462
0.07444444444444444,10,100,0.6666666666666666,0.5,0.7793565681509254
0.1388888888888889,14,50,0.8888888888888888,1.0,0.9403258608814732
0.20333333333333334,4,400,0.5555555555555556,0.6666666666666666,0.7636998589414679
0.20333333333333334,10,50,0.6666666666666666,0.8333333333333333,0.7624571907933744
0.1711111111111111,6,50,0.7222222222222222,0.7222222222222222,0.8584153152991206
0.20333333333333334,13,100,0.8888888888888888,0.6111111111111112,0.9205923065066889
0.20333333333333334,12,250,0.6666666666666666,0.9444444444444444,0.8268188297678176
0.01,8,450,0.7222222222222222,0.6666666666666666,0.9455013120715552
0.1388888888888889,12,150,0.8333333333333333,0.9444444444444444,0.8345027358843651
0.1388888888888889,9,250,0.7777777777777778,0.5555555555555556,0.7600312148886574
0.042222222222222223,8,100,0.5555555555555556,0.6666666666666666,0.7416518388843677
0.01,11,50,0.6111111111111112,0.5,0.8947386194840441
0.01,3,450,1.0,0.8333333333333333,0.7383770843863953
0.3,14,200,0.6666666666666666,0.6111111111111112,0.7348650003452517
0.2677777777777778,9,150,0.5,0.8888888888888888,0.9150488543379015
0.042222222222222223,13,200,0.8888888888888888,0.8333333333333333,0.7366321583445572
0.10666666666666666,3,50,0.6666666666666666,0.6666666666666666,0.7181886643999716
0.042222222222222223,7,450,0.8888888888888888,0.7777777777777778,0.8415770042699294
0.1711111111111111,3,100,0.5,0.8888888888888888,0.7550933389816888
0.20333333333333334,6,450,0.5555555555555556,1.0,0.7358112261523767
0.07444444444444444,4,200,0.7222222222222222,1.0,0.8420111720235678
0.2677777777777778,9,250,0.5555555555555556,0.6111111111111112,0.807139252919375
0.2677777777777778,6,50,0.5,0.6111111111111112,0.7738638462710709
0.042222222222222223,13,450,0.9444444444444444,0.7222222222222222,0.916844725301474
0.042222222222222223,4,350,0.5555555555555556,0.7777777777777778,0.8804863489526731
0.23555555555555557,13,50,0.7222222222222222,0.7777777777777778,0.8477081361431787
0.2677777777777778,14,250,0.8888888888888888,0.8333333333333333,0.769958424968371
0.01,13,450,0.7222222222222222,0.5555555555555556,0.7261106254366145
0.10666666666666666,9,250,0.8888888888888888,0.6666666666666666,0.7587921262856137
0.2677777777777778,3,450,0.9444444444444444,0.9444444444444444,0.7923786298497925
0.01,8,300,1.0,0.9444444444444444,0.9493397628662221
0.01,8,400,0.8888888888888888,0.8333333333333333,0.8984559499857443
0.3,6,150,0.9444444444444444,0.7222222222222222,0.7655767761552172
0.3,10,400,1.0,0.5555555555555556,0.8114222671381643
0.20333333333333334,14,450,1.0,0.6111111111111112,0.9204017429078336
0.07444444444444444,6,250,1.0,0.5555555555555556,0.7184272321943672
0.1388888888888889,10,250,0.5,0.9444444444444444,0.9277821923327878
0.01,11,200,0.8333333333333333,0.7222222222222222,0.7590666479204129
0.23555555555555557,13,400,0.8333333333333333,0.7777777777777778,0.9476319363269159
0.042222222222222223,7,250,0.7777777777777778,1.0,0.7322674779823188
0.1711111111111111,13,350,1.0,0.7222222222222222,0.9443026170410302
0.1711111111111111,14,350,0.8888888888888888,0.5555555555555556,0.7398264374725205
0.1388888888888889,3,100,1.0,0.8888888888888888,0.8382788655185869
0.1388888888888889,9,50,0.8888888888888888,0.6666666666666666,0.9410669741189551
0.042222222222222223,3,350,1.0,0.5,0.7349911253531354
0.10666666666666666,4,350,0.8333333333333333,0.9444444444444444,0.7509356847934479
0.1388888888888889,12,400,0.6111111111111112,0.7777777777777778,0.7088706438135781
0.2677777777777778,4,100,0.6666666666666666,0.5555555555555556,0.8202660595098374
0.1388888888888889,4,150,0.6666666666666666,0.7222222222222222,0.9126716553012701
0.2677777777777778,13,350,0.9444444444444444,0.6666666666666666,0.945526494672791
0.20333333333333334,4,50,1.0,0.7777777777777778,0.9230343460417008
0.01,10,150,0.8888888888888888,0.6111111111111112,0.7475361966495504
0.042222222222222223,7,200,0.8333333333333333,0.7777777777777778,0.9186852131606121
0.1711111111111111,4,300,0.8888888888888888,0.8888888888888888,0.8371240098126709
0.20333333333333334,3,450,0.7777777777777778,0.8333333333333333,0.8374161716889388
0.01,9,250,0.8333333333333333,0.7222222222222222,0.8591651335044315
0.20333333333333334,7,400,0.8888888888888888,0.7222222222222222,0.935341028947339
0.10666666666666666,8,350,0.6666666666666666,0.5,0.7725311858108095
0.07444444444444444,10,350,0.6666666666666666,0.8333333333333333,0.7357755488804207
0.1711111111111111,9,300,0.5555555555555556,0.7222222222222222,0.8167611831467363
0.042222222222222223,6,200,0.7222222222222222,0.6111111111111112,0.7381834533770534
0.1388888888888889,7,350,1.0,0.7777777777777778,0.7179687601908451
0.23555555555555557,12,400,0.5555555555555556,0.7222222222222222,0.7332491428351264
0.23555555555555557,8,100,0.7777777777777778,0.9444444444444444,0.8149033956416315
0.3,8,200,1.0,0.6666666666666666,0.9421682207698514
0.3,5,100,1.0,1.0,0.702280062997139
0.07444444444444444,6,400,0.8333333333333333,0.6111111111111112,0.9013247601579567
0.3,3,150,0.8888888888888888,0.7777777777777778,0.7170721208224006
0.07444444444444444,9,400,0.6111111111111112,0.5555555555555556,0.9284546415416979
0.1388888888888889,10,200,1.0,0.7222222222222222,0.7438979331146538
0.1711111111111111,11,200,0.6666666666666666,0.9444444444444444,0.7137400521580995
0.23555555555555557,13,150,0.9444444444444444,0.8888888888888888,0.8050785509645161
0.23555555555555557,7,100,0.8888888888888888,0.7777777777777778,0.7788507391877304
0.07444444444444444,14,200,1.0,0.6666666666666666,0.8422597628439663
0.2677777777777778,12,300,1.0,0.6111111111111112,0.8435048674252463
0.23555555555555557,7,200,0.7222222222222222,0.6666666666666666,0.8019231682502695
0.3,12,300,0.8333333333333333,0.8333333333333333,0.807456062366015
0.3,5,250,1.0,0.8333333333333333,0.8963911928467994
0.20333333333333334,8,50,0.5,0.7777777777777778,0.8773535000287519
0.1388888888888889,5,200,1.0,0.5,0.740005458653618
0.3,6,200,0.5,0.8888888888888888,0.9483693989286234
0.23555555555555557,9,150,0.7777777777777778,0.7777777777777778,0.7823343630764579
0.042222222222222223,6,250,0.6666666666666666,0.7777777777777778,0.8346037906198027
0.2677777777777778,3,450,1.0,0.7777777777777778,0.8080154007958747
0.23555555555555557,9,250,0.6666666666666666,0.7222222222222222,0.7989161959513642
0.042222222222222223,9,250,0.5,0.7777777777777778,0.7226927863957295
0.042222222222222223,8,200,0.7222222222222222,0.7222222222222222,0.7779445240259284
0.1711111111111111,6,400,0.5,0.8888888888888888,0.7775595053099449
0.1388888888888889,5,50,0.7777777777777778,0.9444444444444444,0.7239054647215917
0.20333333333333334,13,350,1.0,1.0,0.9007086532022179
0.1711111111111111,3,200,1.0,0.8333333333333333,0.8785074470609696
0.23555555555555557,12,200,0.6666666666666666,0.5555555555555556,0.7057491773178104
0.3,13,300,0.8333333333333333,0.7222222222222222,0.755339091683403
0.1711111111111111,10,300,0.6111111111111112,0.5,0.8768822697035222
0.20333333333333334,4,300,0.5555555555555556,1.0,0.8378493316317022
0.2677777777777778,13,300,0.9444444444444444,1.0,0.756514497335183
0.042222222222222223,6,300,0.5555555555555556,0.6111111111111112,0.7234098032651721
0.23555555555555557,11,350,1.0,0.5555555555555556,0.7544740217774669
0.042222222222222223,4,200,0.7222222222222222,0.8888888888888888,0.7335683798922012
0.23555555555555557,14,50,0.5555555555555556,0.6111111111111112,0.9383458724463665
0.01,10,350,0.7777777777777778,0.6111111111111112,0.7809001545718015
0.042222222222222223,9,100,0.5,0.7777777777777778,0.8922351197629363
0.1711111111111111,5,250,0.5,1.0,0.7632949266274921
0.23555555555555557,12,450,0.9444444444444444,0.8888888888888888,0.7411455063982135
0.3,7,50,0.8333333333333333,1.0,0.8183609225064752
0.3,3,350,1.0,1.0,0.9009356113988581
0.01,6,400,0.7222222222222222,0.6666666666666666,0.7330718459309382
0.10666666666666666,12,300,0.8888888888888888,1.0,0.7483558545624407
0.042222222222222223,6,150,0.8333333333333333,0.7222222222222222,0.9242483390008018
0.3,6,300,0.7777777777777778,0.7777777777777778,0.8647771989444597
0.23555555555555557,5,400,0.9444444444444444,1.0,0.8041795218802086
0.2677777777777778,7,100,0.9444444444444444,0.8888888888888888,0.9161473913328408
0.23555555555555557,6,100,0.5555555555555556,0.8333333333333333,0.867864308636831
0.1711111111111111,9,200,0.5555555555555556,1.0,0.8247898907461253
0.1711111111111111,4,50,0.5,0.5555555555555556,0.8897837289492943
0.01,12,50,0.7777777777777778,0.6666666666666666,0.7044908697270308
0.07444444444444444,11,100,0.8333333333333333,0.7777777777777778,0.7996694449996988
0.2677777777777778,9,300,0.8888888888888888,0.8888888888888888,0.9140353793998819
0.3,9,150,0.8888888888888888,0.5555555555555556,0.8552546896530817
0.042222222222222223,11,300,0.5,0.6666666666666666,0.9477656096805307
0.23555555555555557,6,150,0.5555555555555556,0.7222222222222222,0.8375946728827657
0.2677777777777778,9,250,0.6666666666666666,0.5555555555555556,0.8378078240882608
0.042222222222222223,6,300,0.6666666666666666,0.6111111111111112,0.9368069837130826
0.01,9,100,0.6666666666666666,0.7222222222222222,0.786025948692248
0.07444444444444444,10,350,0.6666666666666666,0.9444444444444444,0.8048677291662968
0.2677777777777778,14,200,0.8333333333333333,0.6666666666666666,0.8144792332300385
0.1388888888888889,6,150,0.5,0.6666666666666666,0.9146931134248241
0.042222222222222223,8,150,1.0,0.8333333333333333,0.8602400573097811
0.2677777777777778,5,350,1.0,0.5,0.7028711791285057
0.07444444444444444,5,250,0.8333333333333333,0.8888888888888888,0.7480731719695409
0.1388888888888889,9,450,0.7222222222222222,0.6666666666666666,0.7655081691680341
0.042222222222222223,11,250,1.0,0.8333333333333333,0.7439921399327611
0.1388888888888889,3,250,0.5,0.9444444444444444,0.8860421095770298
0.10666666666666666,8,50,0.8333333333333333,0.8888888888888888,0.9174762373922554
0.10666666666666666,5,150,0.7777777777777778,0.5555555555555556,0.7286085460032121
0.07444444444444444,13,400,0.5555555555555556,0.8333333333333333,0.7071945192269605
0.3,7,400,0.5,0.7777777777777778,0.7228565111625831
0.1711111111111111,13,100,0.9444444444444444,0.5555555555555556,0.9123947596195292
0.042222222222222223,11,450,0.5,0.9444444444444444,0.8069697483710631
0.1711111111111111,5,350,0.5555555555555556,0.6666666666666666,0.775948023182815
0.042222222222222223,13,450,0.7777777777777778,0.5,0.933205474169409
0.3,8,50,0.7777777777777778,0.5555555555555556,0.917698867538634
0.10666666666666666,5,300,0.8888888888888888,0.9444444444444444,0.8978337791249669
0.20333333333333334,14,400,0.8888888888888888,0.7222222222222222,0.9063573180770603
0.10666666666666666,5,400,0.7222222222222222,0.7222222222222222,0.7066894661451286
0.1711111111111111,12,450,0.8333333333333333,0.7222222222222222,0.842190874031637
0.042222222222222223,12,150,1.0,0.6111111111111112,0.8296135389238832
0.23555555555555557,7,250,0.7777777777777778,0.9444444444444444,0.8919227295538359
0.23555555555555557,10,50,0.9444444444444444,0.5,0.7571420100019843
0.042222222222222223,7,200,0.7222222222222222,0.7777777777777778,0.8259498538110949
0.2677777777777778,8,200,1.0,0.5,0.8948179808448721
0.1711111111111111,8,200,0.9444444444444444,0.7222222222222222,0.8927086912364681
0.042222222222222223,10,400,0.8888888888888888,0.8333333333333333,0.8678409352290576
0.1388888888888889,4,200,0.5,0.8888888888888888,0.7988125966139794
0.1711111111111111,7,400,0.5555555555555556,0.6111111111111112,0.7468368650078463
0.2677777777777778,14,50,0.5,0.7222222222222222,0.7488730249509421
0.23555555555555557,6,100,0.6666666666666666,0.6666666666666666,0.7126316322035526
0.07444444444444444,10,50,0.8888888888888888,0.9444444444444444,0.8281805853333825
0.20333333333333334,5,350,0.8333333333333333,0.6111111111111112,0.9373139072432533
0.10666666666666666,10,250,1.0,0.8333333333333333,0.8908801372680715
0.23555555555555557,8,250,0.6666666666666666,0.7222222222222222,0.9256559647957986
0.10666666666666666,8,350,0.9444444444444444,0.8888888888888888,0.8413833216577737
0.07444444444444444,5,100,0.7777777777777778,1.0,0.7226662671245943
0.3,5,350,1.0,1.0,0.8252139394999152
0.10666666666666666,11,350,1.0,0.5,0.7488394871003772
0.23555555555555557,3,150,0.8888888888888888,0.7222222222222222,0.9346020675277353
0.01,3,50,0.8333333333333333,0.7222222222222222,0.7112507064545719
0.07444444444444444,13,450,0.5,0.8333333333333333,0.8219212387322694
0.2677777777777778,11,350,0.6666666666666666,0.6111111111111112,0.8878039552262189
0.01,5,450,0.8333333333333333,0.5,0.8257107394459202
0.23555555555555557,6,250,0.8333333333333333,0.6666666666666666,0.7109141858056588
0.01,10,50,0.6666666666666666,0.9444444444444444,0.7979521111546579
0.1388888888888889,7,300,0.8333333333333333,0.6666666666666666,0.9415900122446704
0.07444444444444444,14,300,0.8333333333333333,0.7222222222222222,0.7773177751807516
0.01,8,350,0.7777777777777778,0.7222222222222222,0.8648834615931016
0.3,3,250,0.6111111111111112,0.6666666666666666,0.761082682170005
0.10666666666666666,13,100,0.7777777777777778,0.6666666666666666,0.8044197010505101
0.3,4,50,1.0,0.7777777777777778,0.8063710278684108
0.01,10,450,0.6111111111111112,0.7777777777777778,0.7666018291826552
0.01,10,50,0.9444444444444444,0.5,0.8909154274597648
0.1711111111111111,14,350,0.8333333333333333,0.5,0.8731110877306686
0.01,7,50,0.8333333333333333,0.5,0.8845672559162736
0.2677777777777778,10,200,0.6666666666666666,0.6666666666666666,0.8031386218077227
0.07444444444444444,3,350,0.8333333333333333,0.9444444444444444,0.783328216900288
0.20333333333333334,6,50,0.5555555555555556,0.9444444444444444,0.7098860732586948
0.07444444444444444,4,400,0.6666666666666666,0.7777777777777778,0.7105139107031535
0.07444444444444444,7,100,0.9444444444444444,1.0,0.704190051041812
0.20333333333333334,9,350,0.5,0.8888888888888888,0.735099924742083
0.23555555555555557,11,350,0.8888888888888888,0.7777777777777778,0.8026887349896369
0.07444444444444444,5,300,0.9444444444444444,0.5555555555555556,0.9048775913792062
0.01,3,450,0.9444444444444444,0.6111111111111112,0.7174980749997244
0.23555555555555557,7,250,0.5,0.6666666666666666,0.8874749162650489
0.042222222222222223,11,450,0.6111111111111112,0.5,0.8826856847405876
0.042222222222222223,13,350,0.6111111111111112,1.0,0.8039434578115664
0.042222222222222223,10,350,0.6666666666666666,0.7222222222222222,0.7949810288909172
0.23555555555555557,14,300,0.7222222222222222,0.5,0.7221645500699975
0.1711111111111111,4,50,0.5,0.7222222222222222,0.8581994168933217
0.1711111111111111,6,250,0.9444444444444444,0.9444444444444444,0.7738654772960767
0.1711111111111111,9,250,0.7222222222222222,0.6666666666666666,0.9277188037291002
0.07444444444444444,7,250,0.7222222222222222,0.8888888888888888,0.7989179829376446
0.3,5,350,0.6666666666666666,0.9444444444444444,0.7045842063520444
0.3,13,100,0.7777777777777778,0.8888888888888888,0.9163206099718958
0.3,14,300,0.9444444444444444,0.5,0.7220015665683943
0.07444444444444444,8,250,0.5555555555555556,0.6111111111111112,0.7600254113906151
0.07444444444444444,10,450,0.7777777777777778,1.0,0.8182116238598192
0.20333333333333334,5,400,1.0,0.7777777777777778,0.7170817058175785
0.20333333333333334,7,100,0.7777777777777778,0.8333333333333333,0.9250673407591334
0.1388888888888889,12,50,0.5555555555555556,0.8888888888888888,0.9116750711869934
0.01,6,450,0.9444444444444444,0.5555555555555556,0.753591560242552
0.23555555555555557,5,200,0.5,0.8333333333333333,0.9393100392677999
0.1711111111111111,8,300,1.0,0.6111111111111112,0.8440050082628678
0.20333333333333334,3,50,1.0,0.6111111111111112,0.8372239802958343
0.2677777777777778,7,50,0.5555555555555556,0.8888888888888888,0.7205795276730225
0.1388888888888889,3,200,0.6666666666666666,0.8333333333333333,0.9048917266952707
0.1711111111111111,5,100,0.5,0.5555555555555556,0.8082773903966759
0.01,12,300,1.0,0.8888888888888888,0.9239082136440097
0.10666666666666666,8,300,0.7222222222222222,0.9444444444444444,0.8014472142221168
0.01,9,150,1.0,0.7222222222222222,0.9327432436782087
0.10666666666666666,5,100,0.6111111111111112,0.5,0.8642473633582004
0.1388888888888889,12,100,0.6666666666666666,0.6666666666666666,0.8312325577590907
0.042222222222222223,6,150,0.8333333333333333,0.7222222222222222,0.8414683573070508
0.23555555555555557,8,400,0.5,0.7222222222222222,0.9417776969657952
0.3,5,250,0.7222222222222222,0.6111111111111112,0.751505167504846
0.1388888888888889,7,50,0.9444444444444444,0.8333333333333333,0.8829470381836108
0.2677777777777778,12,300,0.5555555555555556,0.7222222222222222,0.7913703760695163
0.3,13,350,0.6111111111111112,0.8888888888888888,0.8369677212657167
0.1711111111111111,13,350,0.8333333333333333,0.7222222222222222,0.9133839643897756
0.1711111111111111,5,200,0.5,0.5555555555555556,0.941304071167782
0.1711111111111111,9,300,0.8888888888888888,0.9444444444444444,0.735927607669651
0.20333333333333334,8,450,0.7222222222222222,0.5,0.7350951770246721
0.3,6,50,0.7222222222222222,0.6111111111111112,0.7001949763001424
0.1711111111111111,3,350,0.9444444444444444,0.8888888888888888,0.7459576573970993
0.23555555555555557,4,150,0.7222222222222222,0.8888888888888888,0.7005969335342007
0.01,7,50,0.6666666666666666,0.6111111111111112,0.7203782969407717
0.10666666666666666,11,300,0.7777777777777778,0.8888888888888888,0.8165926519839464
0.2677777777777778,8,200,0.6666666666666666,1.0,0.7996984320360534
0.23555555555555557,5,250,0.5555555555555556,1.0,0.8587714415012451
0.3,10,350,0.9444444444444444,0.5555555555555556,0.7527952760094974
0.042222222222222223,8,300,0.7222222222222222,0.7777777777777778,0.913491930993806
0.2677777777777778,7,400,0.5555555555555556,0.8333333333333333,0.8323069199349189
0.2677777777777778,8,100,0.9444444444444444,0.6666666666666666,0.8557097875818357
0.1388888888888889,3,450,0.6111111111111112,0.9444444444444444,0.8172331657636205
0.1711111111111111,8,200,1.0,0.6111111111111112,0.8909980921095846
0.20333333333333334,12,150,0.9444444444444444,0.8333333333333333,0.9166539040442387
0.07444444444444444,4,100,0.5555555555555556,0.8333333333333333,0.7389704819175763
0.1711111111111111,6,350,0.6111111111111112,0.6111111111111112,0.8778559576792777
0.20333333333333334,5,50,0.8888888888888888,1.0,0.7485005578389113
0.20333333333333334,7,250,0.5555555555555556,0.7777777777777778,0.7764698843694081
0.01,14,400,0.7777777777777778,0.7777777777777778,0.742183526057212
0.23555555555555557,6,50,0.6111111111111112,0.6111111111111112,0.8005523055227031
0.10666666666666666,4,200,0.5555555555555556,0.8888888888888888,0.783125820012869
0.01,10,200,1.0,0.6111111111111112,0.8073031564890246
0.3,13,250,0.9444444444444444,1.0,0.9471130148756707
0.1388888888888889,7,450,0.8888888888888888,1.0,0.718789251719397
0.2677777777777778,14,100,0.5555555555555556,1.0,0.7244723139256583
0.01,13,150,0.8888888888888888,0.5555555555555556,0.7141067737190117
0.3,13,100,0.6111111111111112,0.7222222222222222,0.8838368427522619
0.01,4,50,0.6666666666666666,0.6666666666666666,0.8324427501243579
0.2677777777777778,9,100,0.5,0.6111111111111112,0.8668462148729781
0.1388888888888889,8,300,0.5,0.8888888888888888,0.8907568527283931
0.20333333333333334,7,150,0.5,0.7222222222222222,0.8431276126687162
0.1388888888888889,8,400,0.9444444444444444,0.5555555555555556,0.9253961304902995
0.10666666666666666,8,200,0.6111111111111112,0.8888888888888888,0.8346602565363556
0.07444444444444444,3,50,0.5555555555555556,0.6111111111111112,0.8947858838273308
0.1388888888888889,10,250,1.0,0.7222222222222222,0.9116301207440541
0.3,4,300,0.7777777777777778,1.0,0.7331441885323644
0.01,6,300,0.6666666666666666,0.6111111111111112,0.7294819050960417
0.042222222222222223,5,50,1.0,0.8333333333333333,0.7083605044170622
0.042222222222222223,5,350,0.7222222222222222,0.5,0.7044081356917493
0.01,6,100,1.0,0.7777777777777778,0.7394354594673461
0.042222222222222223,3,450,0.9444444444444444,0.5555555555555556,0.7587742169140783
0.23555555555555557,10,50,0.8333333333333333,0.8888888888888888,0.7358637781014522
0.10666666666666666,7,450,0.8888888888888888,0.5555555555555556,0.7524873292206671
0.2677777777777778,12,400,0.8888888888888888,0.9444444444444444,0.7893775074581808
0.20333333333333334,10,50,0.8333333333333333,0.5555555555555556,0.7158788455136114
0.07444444444444444,9,200,0.7777777777777778,1.0,0.9228094797402209
0.20333333333333334,9,300,0.7222222222222222,0.8333333333333333,0.9427022778863938
0.1711111111111111,3,150,0.7777777777777778,0.7777777777777778,0.7283305187980791
0.23555555555555557,6,450,0.8888888888888888,0.7777777777777778,0.7161934466941987
0.042222222222222223,14,350,0.7777777777777778,0.6111111111111112,0.7959797296088205
0.23555555555555557,9,350,0.9444444444444444,0.9444444444444444,0.8983045451990301
0.3,8,450,0.7777777777777778,0.8333333333333333,0.8640911729259628
0.10666666666666666,5,150,0.6111111111111112,0.6666666666666666,0.8172231695427177
0.1388888888888889,14,250,0.6111111111111112,0.6111111111111112,0.7579428017857327
0.042222222222222223,10,300,0.7777777777777778,0.8888888888888888,0.8697918342940725
0.20333333333333334,5,250,0.6666666666666666,0.7777777777777778,0.8149608476661258
0.10666666666666666,6,250,0.8333333333333333,0.7222222222222222,0.9267445806980616
0.07444444444444444,11,300,0.8333333333333333,0.7777777777777778,0.7997589327621545
0.042222222222222223,11,350,0.6666666666666666,0.5555555555555556,0.935573490852589
0.3,6,400,0.7222222222222222,0.7222222222222222,0.7362451364608992
0.10666666666666666,6,250,0.8333333333333333,0.8333333333333333,0.8825083620784101
0.23555555555555557,5,250,0.7777777777777778,0.5,0.9295455753251536
0.01,5,250,0.9444444444444444,0.6666666666666666,0.8857535803571178
0.042222222222222223,13,350,0.5555555555555556,0.7222222222222222,0.7445443831645542
0.042222222222222223,10,200,0.6111111111111112,0.9444444444444444,0.9419691434927003
0.1711111111111111,5,300,0.5555555555555556,0.7222222222222222,0.8266008409298579
0.07444444444444444,6,250,0.8333333333333333,0.5555555555555556,0.799249270584654
0.20333333333333334,7,150,0.6111111111111112,0.9444444444444444,0.9186596953117593
0.2677777777777778,13,350,0.7777777777777778,0.6666666666666666,0.9113410233493252
0.01,12,400,0.6666666666666666,0.7222222222222222,0.8215159580263075
0.3,5,150,0.7222222222222222,0.8888888888888888,0.9274635863695293
0.042222222222222223,4,400,0.8333333333333333,0.8888888888888888,0.8586725529599785
0.042222222222222223,4,300,0.8888888888888888,0.5555555555555556,0.8364386729818993
0.01,13,450,0.8333333333333333,0.5555555555555556,0.7776818183181906
0.042222222222222223,4,350,1.0,1.0,0.8170962950408326
0.1388888888888889,11,250,1.0,0.6666666666666666,0.7382084865493799
0.042222222222222223,13,150,0.7777777777777778,0.6666666666666666,0.7861807194022089
0.23555555555555557,13,350,0.8333333333333333,0.7222222222222222,0.8081116049258097
0.23555555555555557,14,50,0.5555555555555556,0.6111111111111112,0.8933072903704548
0.042222222222222223,9,100,0.6111111111111112,0.8333333333333333,0.7674903756568787
0.01,4,100,0.7222222222222222,0.7777777777777778,0.7270879227290181
0.042222222222222223,4,150,0.8888888888888888,0.7222222222222222,0.8315820909619867
0.23555555555555557,6,50,0.5,0.7222222222222222,0.756832353054994
0.07444444444444444,9,400,1.0,0.9444444444444444,0.8010558818550577
0.01,14,250,0.8888888888888888,0.6666666666666666,0.719323162521136
0.2677777777777778,14,400,1.0,0.8888888888888888,0.9389802035811174
0.3,7,250,0.5,0.5555555555555556,0.8579943935466152
0.2677777777777778,7,150,1.0,0.5,0.8725758364734592
0.01,6,450,0.6666666666666666,0.7222222222222222,0.8558441060479763
0.07444444444444444,9,300,0.9444444444444444,0.8888888888888888,0.7441430935229386
0.01,8,450,0.8888888888888888,0.9444444444444444,0.8988881323080244
0.07444444444444444,11,250,0.6111111111111112,0.7777777777777778,0.8147299146510787
0.07444444444444444,14,150,0.8888888888888888,0.8888888888888888,0.7160513832297357
0.1388888888888889,3,100,0.9444444444444444,0.8888888888888888,0.8958915659746337
0.1711111111111111,5,250,0.8888888888888888,0.9444444444444444,0.8089706809901955
0.01,8,250,0.7777777777777778,0.9444444444444444,0.804573777521991
0.1711111111111111,8,300,0.7777777777777778,0.6666666666666666,0.9076987212006673
0.20333333333333334,6,450,0.6666666666666666,1.0,0.785839359327209
0.01,8,350,0.9444444444444444,0.8333333333333333,0.7584656806328098
0.1711111111111111,9,350,0.9444444444444444,0.8888888888888888,0.9278501165368285
0.2677777777777778,13,100,0.8333333333333333,0.6666666666666666,0.7623687337870382
0.3,10,350,0.7777777777777778,1.0,0.8938723481619665
0.23555555555555557,8,100,1.0,0.7222222222222222,0.8551983653548395
0.01,5,300,0.8333333333333333,0.9444444444444444,0.713498668900791
0.20333333333333334,5,450,0.7777777777777778,0.8888888888888888,0.7781603297622548
0.1711111111111111,8,150,0.5,0.5,0.701726994148949
0.01,8,200,1.0,0.6111111111111112,0.7111106138002367
0.1388888888888889,5,450,0.5,0.8333333333333333,0.9063099686272059
0.1388888888888889,7,300,0.7777777777777778,0.5555555555555556,0.8147319177711415
0.10666666666666666,4,300,0.7222222222222222,0.7777777777777778,0.7011889836379231
0.2677777777777778,9,300,0.6666666666666666,0.8333333333333333,0.7470720868850453
0.07444444444444444,11,300,0.7777777777777778,0.8333333333333333,0.7057736567481985
0.20333333333333334,9,350,0.5555555555555556,0.7222222222222222,0.7272007235872253
0.07444444444444444,6,200,0.7777777777777778,0.5,0.852496122514026
0.20333333333333334,10,300,1.0,0.7777777777777778,0.7896671373603019
0.2677777777777778,12,100,0.8888888888888888,0.5555555555555556,0.8740404912057169
0.2677777777777778,14,250,0.9444444444444444,0.7777777777777778,0.7911853356232511
0.1388888888888889,3,50,0.7222222222222222,0.8888888888888888,0.7828282833905357
0.1388888888888889,6,100,1.0,1.0,0.9011078635441458
0.01,8,50,0.8333333333333333,1.0,0.7947206429496987
0.042222222222222223,4,50,0.7777777777777778,0.8888888888888888,0.9120699996925488
0.20333333333333334,11,250,0.7222222222222222,0.7222222222222222,0.949106598076799
0.10666666666666666,9,450,0.5,0.6111111111111112,0.7454988012999043
0.20333333333333334,11,250,0.6111111111111112,0.5,0.9466526444422902
0.1388888888888889,6,150,0.7222222222222222,0.6111111111111112,0.725843719662572
0.042222222222222223,5,50,0.8333333333333333,0.9444444444444444,0.7363696529228618
0.2677777777777778,7,300,0.5555555555555556,0.7222222222222222,0.8949893417294477
0.01,5,450,0.7777777777777778,0.7777777777777778,0.7764033113033879
0.20333333333333334,4,200,0.7222222222222222,0.7222222222222222,0.8942323292830241
0.1711111111111111,14,200,0.6666666666666666,0.7777777777777778,0.7895511124685755
0.01,8,400,0.5,0.5,0.7337461836539767
0.3,7,250,0.8888888888888888,0.8333333333333333,0.7227611862573732
0.2677777777777778,9,50,0.9444444444444444,0.6111111111111112,0.8351161349111984
0.3,5,200,0.7777777777777778,0.8888888888888888,0.7672077725365603
0.01,7,100,0.5,0.8888888888888888,0.8039559343861253
0.042222222222222223,5,350,0.7777777777777778,0.9444444444444444,0.83242380809378
0.1388888888888889,7,300,0.6111111111111112,0.6111111111111112,0.9326253697410468
0.1388888888888889,3,200,0.9444444444444444,0.7777777777777778,0.7948234597827235
0.1711111111111111,13,100,1.0,1.0,0.7614156550333653
0.2677777777777778,12,50,0.6666666666666666,0.7222222222222222,0.9063710593044976
0.1711111111111111,5,300,0.8888888888888888,0.7222222222222222,0.8563353948549608
0.20333333333333334,10,250,0.8333333333333333,0.6666666666666666,0.844496561080985
0.10666666666666666,7,450,0.5,0.5,0.7581312863489119
0.10666666666666666,13,450,0.8333333333333333,0.5555555555555556,0.7511226818536343
0.1388888888888889,11,250,0.7777777777777778,0.6666666666666666,0.8604767357009613
0.10666666666666666,10,50,0.7222222222222222,0.5555555555555556,0.9139499006991453
0.07444444444444444,14,400,0.9444444444444444,0.9444444444444444,0.8423282799699107
0.10666666666666666,14,250,0.7222222222222222,1.0,0.9039718013705672
0.3,11,200,0.6666666666666666,0.8888888888888888,0.806563638026071
0.07444444444444444,12,400,0.7222222222222222,1.0,0.8351776641205315
0.23555555555555557,12,400,0.6666666666666666,0.9444444444444444,0.7443558783341578
0.1711111111111111,7,200,1.0,0.8333333333333333,0.8713505852115563
0.3,8,400,0.8333333333333333,0.7222222222222222,0.8013804335015637
0.042222222222222223,14,150,0.5555555555555556,0.5555555555555556,0.7282503266992673
0.2677777777777778,3,300,0.7222222222222222,1.0,0.7000927202295716
0.3,10,50,0.8333333333333333,0.6666666666666666,0.8462736823099091
0.23555555555555557,12,200,0.5555555555555556,0.6111111111111112,0.7739229102043365
0.23555555555555557,4,300,0.5,0.8333333333333333,0.9397182206936385
0.01,3,300,0.7222222222222222,0.8333333333333333,0.7200218454642769
0.2677777777777778,3,50,0.9444444444444444,1.0,0.7547393177438366
0.07444444444444444,4,100,0.7222222222222222,0.6666666666666666,0.7375452553077141
0.1711111111111111,8,150,0.8888888888888888,0.7777777777777778,0.834071709180234
0.10666666666666666,9,300,0.7777777777777778,0.8333333333333333,0.942406606499849
0.2677777777777778,7,150,1.0,0.9444444444444444,0.8885945760368806
0.3,8,50,0.6666666666666666,0.5,0.7620149889800025
0.1711111111111111,9,350,0.5,0.8333333333333333,0.8550141998090003
0.23555555555555557,5,250,0.8888888888888888,0.8333333333333333,0.8564086787317111
0.10666666666666666,12,50,0.6666666666666666,0.8333333333333333,0.7289460106299088
0.1388888888888889,10,250,0.5555555555555556,0.7777777777777778,0.9161660331479208
0.07444444444444444,12,200,0.5555555555555556,0.9444444444444444,0.8700497230692099
0.01,7,450,0.5555555555555556,1.0,0.7403396532194485
0.042222222222222223,14,350,0.6666666666666666,0.6111111111111112,0.7119101694907493
0.10666666666666666,6,100,0.8333333333333333,0.6111111111111112,0.8108190342786976
0.3,13,250,0.8333333333333333,0.5555555555555556,0.7929271989020462
0.07444444444444444,5,150,0.8888888888888888,0.7222222222222222,0.8833997301468194
0.1711111111111111,14,100,0.8333333333333333,1.0,0.7970113477177583
0.07444444444444444,8,300,0.7222222222222222,0.6111111111111112,0.8546764774392995
0.01,13,50,0.7222222222222222,0.5555555555555556,0.8565261268223336
0.1711111111111111,9,450,0.6666666666666666,1.0,0.7558959082686756
0.3,6,250,0.5,0.5555555555555556,0.7951412511311458
0.10666666666666666,3,200,0.5555555555555556,0.5,0.8816560128113023
0.3,11,200,0.6666666666666666,0.6111111111111112,0.9101205940886891
0.23555555555555557,5,100,0.8888888888888888,0.8333333333333333,0.8420407436960312
0.01,9,200,0.5555555555555556,0.6666666666666666,0.7049292404646672
0.07444444444444444,3,250,0.7222222222222222,0.6666666666666666,0.843861291195378
0.042222222222222223,3,450,0.6666666666666666,0.5,0.746630306362378
0.10666666666666666,12,300,1.0,0.6666666666666666,0.8446666350284359
0.10666666666666666,10,250,0.7777777777777778,0.5555555555555556,0.9354398238905131
0.23555555555555557,11,350,0.5,0.7222222222222222,0.7533360303996903
0.042222222222222223,8,50,0.7222222222222222,0.5555555555555556,0.8360728279101804
0.3,11,300,0.6111111111111112,0.6111111111111112,0.8079547322124123
0.1388888888888889,5,100,0.8333333333333333,0.8333333333333333,0.7663378861903201
0.23555555555555557,3,150,1.0,0.6111111111111112,0.8484392012224038
0.042222222222222223,3,350,0.9444444444444444,0.8333333333333333,0.8923847223141644
0.23555555555555557,11,250,0.7777777777777778,0.5555555555555556,0.7645174338551388
0.23555555555555557,5,50,0.6111111111111112,0.5,0.8770489605629802
0.01,7,350,0.6666666666666666,0.8888888888888888,0.8733295241511606
0.07444444444444444,5,350,0.5555555555555556,0.7222222222222222,0.8521185896929918
0.07444444444444444,11,250,1.0,0.8888888888888888,0.7392330374074451
0.042222222222222223,6,150,0.8888888888888888,0.8888888888888888,0.8034723636977088
0.23555555555555557,5,100,0.6111111111111112,0.8888888888888888,0.8322417330758606
0.2677777777777778,4,450,0.7222222222222222,0.8333333333333333,0.7519597220811999
0.20333333333333334,6,250,0.9444444444444444,1.0,0.8195946414998756
0.01,3,350,0.8333333333333333,0.5555555555555556,0.7201707327614195
0.3,3,100,0.8333333333333333,1.0,0.7829159824899975
0.1711111111111111,14,400,0.5555555555555556,0.8888888888888888,0.7192546715254058
0.1711111111111111,3,250,0.5,0.5,0.782057931084281
0.23555555555555557,9,350,0.7222222222222222,0.5,0.8427482349994981
0.01,6,200,0.7222222222222222,0.8888888888888888,0.8704350308638482
0.3,11,400,0.6666666666666666,0.5,0.8890753327715574
0.20333333333333334,8,350,0.7222222222222222,1.0,0.7689783389136978
0.1388888888888889,7,350,0.8888888888888888,0.8333333333333333,0.9361413265566965
0.2677777777777778,3,450,0.7222222222222222,0.5555555555555556,0.8607626642467918
0.1388888888888889,8,250,0.9444444444444444,0.8333333333333333,0.786947969433392
0.1388888888888889,14,250,0.5555555555555556,0.7777777777777778,0.732798724150421
0.1711111111111111,11,250,0.8888888888888888,0.6111111111111112,0.8263388101155373
0.07444444444444444,10,300,0.6111111111111112,0.9444444444444444,0.7473318065473302
0.1711111111111111,6,50,1.0,1.0,0.9032959469754585
0.1388888888888889,11,350,0.8333333333333333,0.9444444444444444,0.7680502171611915
0.10666666666666666,10,200,0.8333333333333333,0.5,0.8449478850350538
0.20333333333333334,11,100,0.5555555555555556,1.0,0.744536451682045
0.2677777777777778,13,200,0.7222222222222222,1.0,0.7624960237142747
0.23555555555555557,6,200,0.6666666666666666,1.0,0.8812363447097746
0.2677777777777778,10,350,0.6111111111111112,0.9444444444444444,0.9268249328948827
0.01,10,300,0.6111111111111112,0.7222222222222222,0.8661051053552182
0.07444444444444444,9,350,0.9444444444444444,0.7222222222222222,0.8757008517779121
0.07444444444444444,11,250,1.0,0.6111111111111112,0.8024153590252081
0.1711111111111111,3,350,1.0,0.6666666666666666,0.7574740692485694
0.3,11,300,0.7222222222222222,0.8333333333333333,0.9270144995774625
0.07444444444444444,12,100,0.8888888888888888,0.8888888888888888,0.8643080583100041
0.042222222222222223,3,350,0.8888888888888888,0.5,0.7738816118714887
0.042222222222222223,11,200,0.7222222222222222,0.8888888888888888,0.7416364027780071
0.1388888888888889,12,350,0.6111111111111112,0.6111111111111112,0.9032814561064276
0.1388888888888889,6,300,1.0,0.6111111111111112,0.8224692438676133
0.1711111111111111,9,200,1.0,0.8333333333333333,0.885072786086457
0.042222222222222223,11,250,1.0,0.7222222222222222,0.8776720426126803
0.10666666666666666,6,300,0.8333333333333333,0.5,0.8035723411628208
0.07444444444444444,11,150,1.0,0.8333333333333333,0.8599361220692714
0.1388888888888889,12,300,0.6666666666666666,0.7777777777777778,0.7673239271151397
0.3,4,250,0.5,0.5,0.8165164819009149
0.1711111111111111,5,100,0.5555555555555556,0.7222222222222222,0.7645957795001894
0.2677777777777778,3,150,0.6111111111111112,0.5555555555555556,0.8243941104011341
0.1711111111111111,5,50,0.6111111111111112,1.0,0.7606356587150227
0.20333333333333334,11,150,0.6666666666666666,0.7777777777777778,0.7721861088132492
0.23555555555555557,9,450,0.5555555555555556,0.6111111111111112,0.7941729452105972
0.2677777777777778,13,250,0.5555555555555556,0.5,0.7993700072598443
0.07444444444444444,13,150,0.8888888888888888,0.6111111111111112,0.8557338167074516
0.3,8,150,0.5555555555555556,0.8333333333333333,0.9118490708860139
0.20333333333333334,6,300,0.5,0.5555555555555556,0.8250415727190116
0.10666666666666666,13,450,0.5,0.6666666666666666,0.7771983859157392
0.07444444444444444,10,350,0.6111111111111112,1.0,0.7050835825564523
0.3,12,400,0.5,0.6111111111111112,0.8404372124231878
0.10666666666666666,3,300,0.5,0.9444444444444444,0.7389779807092178
0.07444444444444444,3,150,0.7777777777777778,0.5555555555555556,0.8116468226687169
0.20333333333333334,6,300,0.6666666666666666,0.8333333333333333,0.7097719671818598
0.07444444444444444,12,450,0.5,0.8888888888888888,0.9333645321887701
0.2677777777777778,4,350,0.5555555555555556,0.5,0.7872523280137822
0.3,4,150,0.8888888888888888,0.7222222222222222,0.7189677393102805
0.1711111111111111,5,150,0.5555555555555556,0.7777777777777778,0.8538306069119089
0.1711111111111111,3,50,0.6111111111111112,0.8333333333333333,0.7764756037421542
0.2677777777777778,13,250,0.8888888888888888,0.7222222222222222,0.7191455372662997
0.1388888888888889,10,150,1.0,1.0,0.8604435780710341
0.07444444444444444,8,50,0.5555555555555556,0.8333333333333333,0.741578491716656
0.10666666666666666,9,50,0.7777777777777778,0.6111111111111112,0.7147286787161365
0.3,3,450,0.5,0.6666666666666666,0.8924309713869358
0.10666666666666666,11,450,0.6666666666666666,0.6666666666666666,0.8650872390242452
0.1711111111111111,13,250,0.6111111111111112,0.7777777777777778,0.709548742802754
0.1711111111111111,13,350,0.9444444444444444,0.6111111111111112,0.7062841668648079
0.23555555555555557,4,100,0.8333333333333333,0.7777777777777778,0.7954102100259794
0.1388888888888889,3,150,0.8888888888888888,0.7222222222222222,0.8395039969023345
0.23555555555555557,9,400,0.9444444444444444,0.8333333333333333,0.7672755238629767
0.2677777777777778,12,450,0.6666666666666666,0.8333333333333333,0.7938369901669318
0.2677777777777778,5,100,0.5,0.7777777777777778,0.8226541191496576
0.10666666666666666,6,100,0.6111111111111112,0.6111111111111112,0.9138552979385587
0.3,13,200,0.6666666666666666,0.7777777777777778,0.9472999992739781
0.10666666666666666,14,50,0.8333333333333333,0.8333333333333333,0.8118258777683182
0.1711111111111111,9,200,1.0,0.6111111111111112,0.8490923479545348
0.2677777777777778,10,200,0.7222222222222222,0.5,0.9215136198625794
0.23555555555555557,7,450,0.5,0.5,0.8650880765200091
0.1711111111111111,7,150,0.7222222222222222,0.7777777777777778,0.8109395647981494
0.10666666666666666,8,200,0.8333333333333333,0.8333333333333333,0.7811680218738322
0.2677777777777778,4,300,0.6666666666666666,0.6111111111111112,0.8116221219422506
0.07444444444444444,5,150,0.7777777777777778,0.8333333333333333,0.7844575755538612
0.23555555555555557,6,200,0.5555555555555556,0.7222222222222222,0.9032764741998479
0.1711111111111111,4,100,0.8333333333333333,1.0,0.9181266143780469
0.10666666666666666,10,100,0.7222222222222222,0.6666666666666666,0.7173252427817942
0.042222222222222223,5,150,0.9444444444444444,0.7777777777777778,0.8257614118078207
0.2677777777777778,13,250,1.0,0.8333333333333333,0.7381515018445124
0.2677777777777778,12,100,1.0,0.8333333333333333,0.8274994509915008
0.23555555555555557,3,450,0.7777777777777778,0.6111111111111112,0.9219276846841932
0.07444444444444444,5,50,0.7222222222222222,0.6111111111111112,0.8286634084141551
0.2677777777777778,6,350,0.7222222222222222,0.7222222222222222,0.7332699545671756
0.3,9,50,0.9444444444444444,0.6666666666666666,0.8420427519401901
0.1711111111111111,8,350,0.6111111111111112,1.0,0.914646674485634
0.1388888888888889,13,400,0.7222222222222222,0.7222222222222222,0.8301599703645264
0.2677777777777778,6,300,1.0,0.7222222222222222,0.8459630587913387
0.07444444444444444,13,450,0.5555555555555556,0.8888888888888888,0.8186926619903662
0.20333333333333334,6,350,0.7777777777777778,0.5555555555555556,0.9450287226545347
0.01,4,100,0.6111111111111112,0.5555555555555556,0.7224743162945221
0.23555555555555557,11,250,0.9444444444444444,1.0,0.8183199983211432
0.1711111111111111,8,450,0.8333333333333333,0.5555555555555556,0.7325868312048693
0.23555555555555557,12,350,0.7222222222222222,0.5,0.7448103853962903
0.1388888888888889,12,100,1.0,1.0,0.9212582280584591
0.23555555555555557,6,150,0.8888888888888888,0.5555555555555556,0.9346184917893839
0.1711111111111111,10,300,0.9444444444444444,1.0,0.7369549844896088
0.042222222222222223,13,200,0.5555555555555556,0.9444444444444444,0.7955011585231224
0.07444444444444444,7,350,0.7777777777777778,0.5555555555555556,0.760750160516438
0.1388888888888889,10,300,0.6111111111111112,0.7777777777777778,0.8801472919972835
0.3,12,300,1.0,0.6111111111111112,0.838941497314508
0.10666666666666666,7,100,0.6666666666666666,0.9444444444444444,0.7911667644864138
0.3,4,300,0.5,0.6111111111111112,0.7970961359433235
0.1388888888888889,12,350,0.5555555555555556,0.5555555555555556,0.9171775414572663
0.23555555555555557,6,400,0.9444444444444444,0.6666666666666666,0.8556222904592925
0.20333333333333334,3,300,0.6666666666666666,1.0,0.9250723225845914
0.10666666666666666,14,300,0.6666666666666666,0.6666666666666666,0.9040357501180738
0.23555555555555557,3,300,0.6666666666666666,0.7777777777777778,0.8180295597017025
0.20333333333333334,11,400,0.5,0.7777777777777778,0.9137413305567941
0.20333333333333334,5,400,0.7777777777777778,0.5555555555555556,0.9261466185696641
0.20333333333333334,5,100,0.8333333333333333,1.0,0.7170801644713627
0.1388888888888889,5,450,0.8888888888888888,0.7777777777777778,0.8429465935427394
0.1711111111111111,3,100,0.8333333333333333,0.7222222222222222,0.7653426981786786
0.23555555555555557,11,450,0.5,0.9444444444444444,0.7886582471299608
0.042222222222222223,4,200,0.6111111111111112,0.9444444444444444,0.875476662736544
0.1388888888888889,3,100,0.6111111111111112,0.9444444444444444,0.8501285081314798
0.1388888888888889,12,350,0.8333333333333333,0.5555555555555556,0.9475821133962854
0.07444444444444444,3,450,0.8333333333333333,0.9444444444444444,0.8065873780780084
0.2677777777777778,4,300,0.7777777777777778,0.6666666666666666,0.7491567822743443
0.07444444444444444,11,450,0.6111111111111112,0.8888888888888888,0.8724062220825242
0.3,3,450,0.7222222222222222,0.5,0.7132168444695598
0.10666666666666666,10,150,0.6111111111111112,0.6111111111111112,0.891469276992402
0.20333333333333334,5,100,0.5555555555555556,0.9444444444444444,0.849481848031628
0.2677777777777778,8,400,0.9444444444444444,0.9444444444444444,0.8749724453186546
0.01,10,50,0.5555555555555556,1.0,0.8412761087686429
0.10666666666666666,14,450,0.6666666666666666,0.7777777777777778,0.8844879240737006
0.20333333333333334,7,250,0.6111111111111112,0.6111111111111112,0.9347399865158473
0.20333333333333334,13,200,0.6111111111111112,0.5555555555555556,0.9351030754690827
0.10666666666666666,9,200,0.7777777777777778,0.5555555555555556,0.9043178477172447
0.3,6,100,0.6666666666666666,1.0,0.7609017985355938
0.20333333333333334,5,200,0.8333333333333333,0.8333333333333333,0.7681377301655193
0.07444444444444444,3,250,0.7222222222222222,0.7777777777777778,0.7905040148576853
0.2677777777777778,6,150,0.6111111111111112,0.7777777777777778,0.7759556414128018
0.2677777777777778,5,350,0.9444444444444444,0.6111111111111112,0.9269101474812504
0.1711111111111111,7,450,0.8888888888888888,0.5555555555555556,0.9248191898076775
0.01,9,300,0.7222222222222222,0.5555555555555556,0.889578351360848
0.01,5,150,0.8333333333333333,0.9444444444444444,0.7752691186140008
0.20333333333333334,4,150,0.8888888888888888,0.5555555555555556,0.7726681018055904
0.2677777777777778,12,50,0.8333333333333333,0.7222222222222222,0.7893540425896335
0.20333333333333334,8,50,0.7222222222222222,0.6111111111111112,0.949569799033027
0.1711111111111111,3,450,0.7222222222222222,0.7222222222222222,0.8346339551195421
0.1388888888888889,5,150,0.7222222222222222,0.9444444444444444,0.7647181390143686
0.10666666666666666,10,300,0.6666666666666666,0.8333333333333333,0.7111358879904198
0.3,7,250,0.8888888888888888,0.8333333333333333,0.8936281357183624
0.07444444444444444,14,50,0.6666666666666666,0.8888888888888888,0.8844325737083172
0.2677777777777778,8,350,0.5555555555555556,0.9444444444444444,0.8444193369511892
0.1711111111111111,8,400,0.5,0.9444444444444444,0.8966740740194892
0.2677777777777778,13,450,0.5,0.7777777777777778,0.8845905239539317
0.07444444444444444,10,50,0.9444444444444444,0.6666666666666666,0.7087815286205416
0.23555555555555557,3,400,1.0,0.8333333333333333,0.8686998485732446
0.20333333333333334,4,450,0.5,0.5,0.8911321271481241
0.3,14,300,0.7777777777777778,0.8333333333333333,0.7278750260629148
0.042222222222222223,12,250,1.0,0.5,0.91739161620742
0.20333333333333334,5,300,0.5,0.7222222222222222,0.82828957055575
0.2677777777777778,8,50,0.8888888888888888,0.8888888888888888,0.9489925023979194
0.2677777777777778,3,400,0.6666666666666666,0.7777777777777778,0.9161464176117919
0.3,13,450,0.6666666666666666,1.0,0.8638069325267641
0.3,9,200,0.6666666666666666,1.0,0.7133945262341759
0.3,9,300,0.8333333333333333,0.5,0.7419280143539333
0.10666666666666666,14,350,0.5555555555555556,0.7222222222222222,0.9077318227365806
0.1388888888888889,3,350,0.6666666666666666,1.0,0.8028723321849475
0.07444444444444444,9,50,0.7777777777777778,0.9444444444444444,0.8897362927211883
0.042222222222222223,9,350,1.0,0.7222222222222222,0.9443239757562609
0.3,5,400,0.9444444444444444,0.5,0.8785725563949696
0.3,6,400,0.6111111111111112,0.6666666666666666,0.8273914587925522
0.01,9,100,1.0,0.8333333333333333,0.79010213982237
0.1388888888888889,8,450,0.5,0.8888888888888888,0.7524103650398704
0.20333333333333334,12,200,0.6111111111111112,0.8888888888888888,0.817066282610794
0.1711111111111111,11,150,0.5,0.8333333333333333,0.75468743791093
0.07444444444444444,10,400,0.8333333333333333,0.5,0.8230362046107274
0.1711111111111111,8,200,0.7222222222222222,0.5,0.9288405838424513
0.01,10,250,1.0,1.0,0.8532484715370535
0.23555555555555557,6,250,0.5555555555555556,0.8888888888888888,0.718327451813519
0.3,12,100,0.6111111111111112,1.0,0.7734609302519152
0.3,4,350,0.8888888888888888,0.5,0.8841125123955096
0.23555555555555557,6,300,1.0,0.5555555555555556,0.9205355248441247
0.20333333333333334,7,200,0.5555555555555556,0.5,0.8312564587725051
0.3,10,450,0.7222222222222222,0.6111111111111112,0.7930634410579201
0.10666666666666666,3,50,0.8888888888888888,0.6111111111111112,0.8027299771420026
0.20333333333333334,11,250,0.7222222222222222,0.8888888888888888,0.7843220436387356
0.042222222222222223,6,200,1.0,0.8888888888888888,0.7944412411439185
0.20333333333333334,9,300,1.0,0.7222222222222222,0.788109609584933
0.042222222222222223,3,100,0.7222222222222222,0.5,0.8938737573734147
0.01,13,350,0.6111111111111112,0.6666666666666666,0.73513003498822
0.10666666666666666,9,50,0.8888888888888888,0.5,0.7347416465746799
0.01,7,200,0.7222222222222222,0.8888888888888888,0.7070880118657122
0.3,3,300,1.0,0.8333333333333333,0.8744538467106517
0.042222222222222223,8,400,0.6666666666666666,0.6666666666666666,0.9388162983242515
0.07444444444444444,14,300,0.5,0.6111111111111112,0.8896064345842501
0.2677777777777778,10,300,1.0,0.5,0.791537255342361
0.1388888888888889,7,450,0.5555555555555556,0.7222222222222222,0.7126042072809714
0.1711111111111111,6,300,0.9444444444444444,0.5555555555555556,0.7652519387272652
0.1388888888888889,14,100,0.7777777777777778,0.9444444444444444,0.7731159326083853
0.2677777777777778,5,300,0.9444444444444444,0.6111111111111112,0.91027728366972
0.10666666666666666,10,250,0.6666666666666666,0.5555555555555556,0.7521307852124977
0.2677777777777778,11,200,0.8888888888888888,0.6666666666666666,0.7977033312545518
0.3,5,400,0.8888888888888888,0.9444444444444444,0.836910513810638
0.10666666666666666,3,350,0.7222222222222222,0.6111111111111112,0.7806526917995439
0.01,14,50,0.7777777777777778,0.8333333333333333,0.939843224596468
0.23555555555555557,5,50,0.7222222222222222,0.6111111111111112,0.8665351888877334
0.2677777777777778,9,100,0.9444444444444444,0.5555555555555556,0.7913526639674142
0.10666666666666666,10,100,0.9444444444444444,0.8888888888888888,0.7679811237081962
0.3,4,100,0.7222222222222222,0.8888888888888888,0.8429821054131555
0.20333333333333334,14,250,0.9444444444444444,1.0,0.7985192414466655
0.042222222222222223,5,100,0.6666666666666666,1.0,0.7567928811379439
0.10666666666666666,4,200,0.8888888888888888,0.7222222222222222,0.7917359011810186
0.1711111111111111,3,250,1.0,0.9444444444444444,0.7329786644244644
0.10666666666666666,11,250,1.0,0.5,0.9484327406191665
0.01,12,150,0.9444444444444444,0.9444444444444444,0.9239364879812197
0.1388888888888889,8,150,0.7222222222222222,0.5555555555555556,0.796736539126788
0.10666666666666666,13,250,0.5555555555555556,0.7777777777777778,0.7128085922720789
0.2677777777777778,3,150,0.7222222222222222,0.7222222222222222,0.8551815597351197
0.2677777777777778,7,200,0.7222222222222222,0.8888888888888888,0.7855803337334786
0.20333333333333334,12,250,0.7222222222222222,0.5,0.7531397961457144
0.1388888888888889,12,250,1.0,0.5555555555555556,0.904162320001983
0.042222222222222223,9,450,0.8888888888888888,0.8333333333333333,0.7194591378348435
0.1388888888888889,13,250,0.9444444444444444,0.9444444444444444,0.8170352188501853
0.20333333333333334,10,400,0.5555555555555556,1.0,0.8345477183678804
0.1711111111111111,3,300,0.5555555555555556,0.5555555555555556,0.9284513727829521
0.07444444444444444,14,450,0.8333333333333333,0.8333333333333333,0.7412756936127652
0.042222222222222223,4,300,0.7222222222222222,0.5555555555555556,0.8292379242665716
0.1711111111111111,9,450,0.8888888888888888,0.7222222222222222,0.8160417674740259
0.042222222222222223,7,350,0.9444444444444444,0.8888888888888888,0.770948842078645
0.10666666666666666,7,200,0.7222222222222222,1.0,0.8076771728948792
0.01,10,300,1.0,0.5,0.7126785520977604
0.10666666666666666,14,250,0.8888888888888888,0.5,0.812407683481371
0.1388888888888889,3,200,0.6111111111111112,0.5555555555555556,0.7187651241657846
0.1711111111111111,6,450,0.8333333333333333,0.6666666666666666,0.9261561224978385
0.07444444444444444,5,150,0.6111111111111112,1.0,0.7807288454175484
0.07444444444444444,10,450,0.6111111111111112,0.6111111111111112,0.9460081523363617
0.1711111111111111,9,200,0.6666666666666666,0.9444444444444444,0.9330594060541539
0.1711111111111111,6,350,0.5555555555555556,0.7777777777777778,0.8332345889570316
0.20333333333333334,14,100,0.5,0.7777777777777778,0.9223207350415175
0.10666666666666666,4,300,0.6666666666666666,0.7777777777777778,0.8704681969836339
0.01,9,450,0.5,0.5555555555555556,0.8888873563157986
0.20333333333333334,10,450,0.8333333333333333,0.5,0.8467563094955413
0.1711111111111111,14,400,0.6111111111111112,0.8333333333333333,0.7119787595069998
0.2677777777777778,8,400,0.9444444444444444,0.7777777777777778,0.927237223519041
0.1388888888888889,13,450,0.6666666666666666,0.5555555555555556,0.7235138757094906
0.20333333333333334,5,150,1.0,0.9444444444444444,0.9320399505311655
0.1388888888888889,4,300,0.6111111111111112,0.6666666666666666,0.8103234901261582
0.07444444444444444,9,150,0.5555555555555556,0.9444444444444444,0.8983884713006304
0.07444444444444444,4,50,0.9444444444444444,0.5555555555555556,0.8832290806572423
0.01,14,50,0.6666666666666666,0.9444444444444444,0.801135533576982
0.20333333333333334,5,350,0.7222222222222222,0.7222222222222222,0.8817720305392728
0.07444444444444444,13,250,0.6666666666666666,0.8888888888888888,0.7481680353178176
0.20333333333333334,6,300,0.8333333333333333,0.5,0.7787827411686281
0.23555555555555557,12,150,0.9444444444444444,0.8333333333333333,0.739190441577852
0.07444444444444444,5,150,0.8333333333333333,0.6666666666666666,0.8454004535067661
0.20333333333333334,12,250,0.6666666666666666,0.7777777777777778,0.7636231375857914
0.10666666666666666,10,100,0.9444444444444444,0.7222222222222222,0.9161920180575382
0.07444444444444444,9,200,0.8333333333333333,1.0,0.7347039497902627
0.1711111111111111,3,300,0.6666666666666666,1.0,0.8291178104297243
0.042222222222222223,6,450,0.5555555555555556,1.0,0.8031198985359619
0.10666666666666666,10,450,0.7222222222222222,0.6666666666666666,0.761940715946291
0.042222222222222223,3,200,0.6111111111111112,0.8333333333333333,0.709551949237793
0.3,13,200,0.8888888888888888,0.6666666666666666,0.7501471220089607
0.20333333333333334,6,450,0.7222222222222222,0.5555555555555556,0.7041031816789681
0.20333333333333334,12,200,0.7777777777777778,0.6666666666666666,0.9148611520609233
0.23555555555555557,6,50,0.5555555555555556,0.9444444444444444,0.9104640524405344
0.07444444444444444,3,150,0.8333333333333333,1.0,0.7045663042626786
0.2677777777777778,13,200,0.6666666666666666,1.0,0.8479158746788111
0.20333333333333334,10,100,0.7777777777777778,0.7777777777777778,0.9071389926226731
0.2677777777777778,8,350,0.7777777777777778,0.6111111111111112,0.7720806541612272
0.042222222222222223,6,400,0.5555555555555556,0.7777777777777778,0.7966472710397401
0.07444444444444444,3,350,0.9444444444444444,0.6666666666666666,0.7647619539865399
0.042222222222222223,5,100,0.5,0.8888888888888888,0.70848104947452
0.042222222222222223,14,450,1.0,0.7222222222222222,0.7337483531779624
0.1388888888888889,14,250,0.8333333333333333,1.0,0.7910106798770882
0.10666666666666666,9,200,0.6111111111111112,0.5555555555555556,0.9247728376200399
0.07444444444444444,12,450,0.6666666666666666,1.0,0.9076287659549084
0.2677777777777778,6,200,0.6111111111111112,0.7777777777777778,0.8280960410029162
0.1388888888888889,3,350,0.8333333333333333,1.0,0.8512748404243291
0.07444444444444444,14,350,1.0,0.6111111111111112,0.9237336412259467
0.3,11,250,0.5,0.6111111111111112,0.8105014543836946
0.1388888888888889,14,450,0.7777777777777778,0.5,0.7874064855079197
0.1711111111111111,11,150,0.6666666666666666,0.9444444444444444,0.7447553523318362
0.3,8,50,0.9444444444444444,0.8333333333333333,0.8106056480556134
0.042222222222222223,12,400,0.8888888888888888,0.6111111111111112,0.8909247374787047
0.10666666666666666,5,450,0.5555555555555556,0.8888888888888888,0.7330463173388155
0.10666666666666666,7,350,0.5,1.0,0.8228480244826425
0.2677777777777778,5,50,0.7777777777777778,0.5555555555555556,0.7395303067483745
0.10666666666666666,3,350,0.7222222222222222,0.7222222222222222,0.7620636661601224
0.23555555555555557,12,50,0.5,0.6666666666666666,0.883640405960262
0.2677777777777778,10,400,0.6111111111111112,0.6666666666666666,0.7055176924832873
0.20333333333333334,7,200,0.8888888888888888,0.8888888888888888,0.9128965889953075
0.2677777777777778,6,300,0.5555555555555556,0.7222222222222222,0.9037951124059519
0.2677777777777778,5,450,0.7222222222222222,0.7777777777777778,0.7689139615074547
0.01,8,250,0.9444444444444444,1.0,0.812749392224785
0.1711111111111111,13,450,1.0,0.7777777777777778,0.7065812236558315
0.1711111111111111,7,100,0.8888888888888888,0.7222222222222222,0.9410426661962769
0.042222222222222223,5,150,0.6111111111111112,0.9444444444444444,0.857580606593778
0.10666666666666666,3,350,0.8888888888888888,1.0,0.723825906630524
0.3,14,450,0.8333333333333333,0.7777777777777778,0.8112863812683682
0.07444444444444444,6,400,0.6111111111111112,0.6111111111111112,0.7078005949668684
0.01,14,300,0.9444444444444444,0.7777777777777778,0.8728979822245314
0.07444444444444444,14,350,0.6666666666666666,0.9444444444444444,0.7689092746076726
0.3,4,50,0.9444444444444444,0.8888888888888888,0.8694277772654322
0.1388888888888889,14,400,0.7222222222222222,0.6111111111111112,0.7872215734239696
0.07444444444444444,4,100,0.6666666666666666,0.7222222222222222,0.8393324700499902
0.23555555555555557,12,350,0.5555555555555556,0.7222222222222222,0.8509644495062789
0.23555555555555557,3,300,0.7222222222222222,0.5555555555555556,0.7844864887998376
0.042222222222222223,11,50,0.8333333333333333,0.8333333333333333,0.8516006753996157
0.1711111111111111,5,100,0.7222222222222222,0.5555555555555556,0.791291307899055
0.07444444444444444,7,50,0.7222222222222222,0.5,0.9171252487631564
0.10666666666666666,8,400,0.7222222222222222,1.0,0.7615076378062631
0.07444444444444444,6,300,0.8333333333333333,0.7777777777777778,0.9495367176363833
0.1711111111111111,4,450,0.6111111111111112,0.8333333333333333,0.7145510148277028
0.3,4,150,0.9444444444444444,0.7222222222222222,0.8038329150705036
0.23555555555555557,6,100,0.6666666666666666,0.5,0.7912309180874205
0.23555555555555557,4,50,0.5,0.8888888888888888,0.8898544849529334
0.01,14,200,0.6111111111111112,0.6666666666666666,0.8645718646088546
0.2677777777777778,11,150,0.8888888888888888,0.5,0.9294602975350853
0.01,4,300,0.5,0.6111111111111112,0.7273130464286928
0.10666666666666666,12,100,0.8333333333333333,0.6666666666666666,0.7657220551197004
0.3,10,150,0.8888888888888888,0.8888888888888888,0.8504403915033498
0.3,13,50,0.7222222222222222,0.5555555555555556,0.8955319974627183
0.20333333333333334,8,100,0.6111111111111112,1.0,0.7193507687732658
0.1388888888888889,12,350,0.6111111111111112,0.7222222222222222,0.9028983129766677
0.07444444444444444,14,300,0.7777777777777778,0.7777777777777778,0.8833760629209972
0.3,12,50,0.7777777777777778,1.0,0.7008033584748075
0.23555555555555557,13,250,0.6111111111111112,0.9444444444444444,0.796541563214584
0.1711111111111111,14,200,0.6111111111111112,0.9444444444444444,0.8812784921442114
0.10666666666666666,14,450,0.5555555555555556,0.6111111111111112,0.7576801620854526
0.07444444444444444,7,50,0.9444444444444444,0.5555555555555556,0.858969614016555
0.3,9,350,0.6111111111111112,0.7777777777777778,0.7330537835521647
0.3,3,100,0.8333333333333333,0.8333333333333333,0.909969579713617
0.1711111111111111,3,400,0.7777777777777778,0.8888888888888888,0.8381150644959228
0.042222222222222223,12,300,0.5,0.5,0.7648746615878396
0.1711111111111111,9,300,0.5,0.8888888888888888,0.7453932645855503
0.2677777777777778,4,200,0.6666666666666666,0.6666666666666666,0.8336863239212854
0.07444444444444444,6,300,0.7777777777777778,0.5555555555555556,0.8056614536507931
0.10666666666666666,5,450,0.5555555555555556,0.7777777777777778,0.8170555927250305
0.2677777777777778,10,50,0.5,0.6666666666666666,0.7748817424199471
0.1388888888888889,10,400,1.0,0.5555555555555556,0.867668901323322
0.23555555555555557,13,50,0.6111111111111112,0.6666666666666666,0.9404017190446523
0.3,8,150,0.7222222222222222,0.8333333333333333,0.8595046830932009
0.3,12,350,0.8333333333333333,0.5555555555555556,0.7753991090810488
0.3,9,350,0.9444444444444444,0.8888888888888888,0.9387115907838414
0.07444444444444444,14,450,0.6111111111111112,0.7777777777777778,0.759230687350501
0.20333333333333334,10,250,0.8888888888888888,0.5,0.8243820669210659
0.10666666666666666,10,100,0.7777777777777778,0.7777777777777778,0.9148558908059706
0.10666666666666666,3,350,1.0,0.7777777777777778,0.8541458522174867
0.23555555555555557,4,200,0.6666666666666666,0.6666666666666666,0.8614309818087589
0.2677777777777778,11,450,0.5555555555555556,0.5,0.8711703124994117
0.1711111111111111,3,450,1.0,0.8333333333333333,0.7952612718031611
0.07444444444444444,12,250,0.5555555555555556,0.6111111111111112,0.7959549250604795
0.1711111111111111,11,50,0.7777777777777778,0.5,0.7754589640636348
0.1711111111111111,12,50,0.7222222222222222,0.8888888888888888,0.8125360605818284
0.01,9,400,0.7222222222222222,0.7777777777777778,0.7531639719943519
0.20333333333333334,7,300,0.5555555555555556,0.5,0.848939569368888
0.3,12,400,0.5555555555555556,0.7777777777777778,0.7792497723308236
0.2677777777777778,12,150,0.9444444444444444,0.5555555555555556,0.856076531035906
0.042222222222222223,3,400,0.6666666666666666,0.6111111111111112,0.8500552170768662
0.07444444444444444,12,300,0.6666666666666666,0.8888888888888888,0.8108090690732693
0.23555555555555557,3,300,0.8333333333333333,0.9444444444444444,0.7546630587095402
0.23555555555555557,6,400,0.7777777777777778,0.5,0.7965012804673685
0.1388888888888889,7,50,0.7222222222222222,0.5,0.7594802239308169
0.10666666666666666,14,50,0.6111111111111112,0.6111111111111112,0.8688307942366712
0.23555555555555557,8,300,0.5,0.5,0.735158511207756
0.07444444444444444,9,350,1.0,0.9444444444444444,0.8205381358485342
0.1388888888888889,6,400,0.7777777777777778,0.7222222222222222,0.8601846413584249
0.042222222222222223,11,150,0.9444444444444444,0.8888888888888888,0.7801634642059555
0.042222222222222223,8,300,0.6666666666666666,1.0,0.9487654974627391
0.01,14,350,1.0,0.6666666666666666,0.8474408482371336
0.23555555555555557,14,200,0.5555555555555556,0.5555555555555556,0.9234870212778321
0.07444444444444444,9,50,0.6111111111111112,0.7222222222222222,0.9312678051152763
0.10666666666666666,6,50,0.7222222222222222,0.7777777777777778,0.7875244667403202
0.3,3,350,0.5,1.0,0.826845168478814
0.07444444444444444,6,450,0.9444444444444444,0.8888888888888888,0.7028765337202153
0.23555555555555557,4,350,0.8888888888888888,0.5555555555555556,0.7031017160286559
0.07444444444444444,5,150,0.9444444444444444,0.9444444444444444,0.9126359528932437
0.2677777777777778,12,400,0.6111111111111112,0.8333333333333333,0.7759708254242154
0.10666666666666666,3,50,0.7222222222222222,0.5555555555555556,0.7814251210725843
0.2677777777777778,13,400,1.0,0.8333333333333333,0.8721882159519196
0.23555555555555557,13,200,0.7222222222222222,0.6111111111111112,0.9419755163898046
0.10666666666666666,13,100,0.7777777777777778,1.0,0.7398047830963681
0.07444444444444444,10,200,0.7777777777777778,1.0,0.8571445915649262
0.1388888888888889,3,400,0.8333333333333333,0.7222222222222222,0.8399541115244589
0.07444444444444444,9,300,0.7777777777777778,0.6666666666666666,0.9091716756623531
0.20333333333333334,13,250,0.5,0.9444444444444444,0.7411614546145453
0.20333333333333334,3,200,0.5555555555555556,0.7222222222222222,0.7999550129185693
0.01,14,200,0.8888888888888888,0.8888888888888888,0.9419506863023154
0.042222222222222223,4,300,1.0,0.7777777777777778,0.8809732701983432
0.23555555555555557,3,350,1.0,0.9444444444444444,0.8642373357590426
0.2677777777777778,3,350,0.5,0.7777777777777778,0.9334571954040396
0.1388888888888889,9,50,0.7777777777777778,0.7222222222222222,0.7961564413387108
0.07444444444444444,13,200,0.6111111111111112,0.5,0.7734458987869848
0.10666666666666666,4,250,0.8888888888888888,0.6666666666666666,0.7342904654697673
0.1711111111111111,6,50,0.7222222222222222,0.6111111111111112,0.7249250221394501
0.3,12,400,1.0,0.5,0.8702900758392895
0.07444444444444444,7,300,0.5555555555555556,1.0,0.8703614205990271
0.20333333333333334,13,450,0.6111111111111112,0.6111111111111112,0.7105511340643357
0.1711111111111111,12,200,0.6111111111111112,0.6666666666666666,0.8305659004431035
0.01,9,250,0.8333333333333333,0.5,0.942369368297762
0.1711111111111111,9,400,0.9444444444444444,0.7777777777777778,0.9432092984665844
0.20333333333333334,13,200,0.8333333333333333,0.5,0.804682804945747
0.01,9,250,0.7777777777777778,0.5,0.9178682870332086
0.23555555555555557,6,250,0.6111111111111112,0.5,0.9147453042158029
0.3,10,50,0.8888888888888888,0.6111111111111112,0.7304468775609165
0.2677777777777778,12,350,1.0,1.0,0.8998648829405638
0.042222222222222223,11,150,0.8333333333333333,0.6111111111111112,0.7951181151418796
0.1388888888888889,5,50,1.0,0.7777777777777778,0.7001522530249772
0.3,6,250,1.0,0.5,0.9268202290536081
0.2677777777777778,3,100,0.7222222222222222,0.6666666666666666,0.8797229677493983
0.23555555555555557,12,200,0.7222222222222222,0.8333333333333333,0.7890705087509171
0.20333333333333334,12,400,1.0,0.8888888888888888,0.7694786260868853
0.2677777777777778,3,150,0.5555555555555556,0.7222222222222222,0.9045078185472339
0.042222222222222223,5,450,0.6666666666666666,0.6111111111111112,0.9047005465099297
0.10666666666666666,14,200,0.8333333333333333,1.0,0.7857047218938414
0.3,7,300,0.6111111111111112,0.7222222222222222,0.8897909293379818
0.20333333333333334,4,300,0.7777777777777778,0.6111111111111112,0.9225054157513731
0.1711111111111111,5,100,0.8333333333333333,0.8888888888888888,0.7892916023059477
0.3,10,250,0.7777777777777778,1.0,0.7994842108801988
0.10666666666666666,7,400,0.9444444444444444,0.9444444444444444,0.8055059577369164
0.01,8,100,0.6111111111111112,0.8333333333333333,0.8690490039891098
0.20333333333333334,11,350,0.6111111111111112,0.6111111111111112,0.7990716551080242
0.23555555555555557,12,200,0.8333333333333333,0.6666666666666666,0.7600967881421711
0.20333333333333334,14,50,0.5555555555555556,0.6666666666666666,0.7194997328074753
0.01,9,100,0.7222222222222222,0.6666666666666666,0.8270696746901568
0.3,4,250,0.6666666666666666,0.8333333333333333,0.7283815329844879
0.23555555555555557,7,350,0.5555555555555556,1.0,0.9251820295505939
0.10666666666666666,8,100,0.6111111111111112,0.9444444444444444,0.7814101987721084
0.2677777777777778,6,400,0.5,1.0,0.7347281241296462
0.01,4,300,0.8888888888888888,0.8888888888888888,0.876088948190362
0.2677777777777778,8,200,0.8888888888888888,0.8333333333333333,0.780904044208131
0.1388888888888889,8,150,0.5555555555555556,0.5,0.8791204650838882
0.3,3,250,0.6666666666666666,0.9444444444444444,0.9233796321982821
0.042222222222222223,11,400,0.5,0.8888888888888888,0.8529848143268417
0.01,12,150,0.6666666666666666,0.5555555555555556,0.8015299598010144
0.1388888888888889,5,400,0.6111111111111112,0.8888888888888888,0.7189184404895144
0.07444444444444444,11,450,0.7222222222222222,0.7777777777777778,0.9322963731905681
0.1388888888888889,13,450,0.7222222222222222,0.6666666666666666,0.804110032764209
0.1388888888888889,9,100,0.5,0.6111111111111112,0.7180411823505659
0.23555555555555557,5,150,0.7222222222222222,0.5,0.8070043746358107
0.07444444444444444,14,100,0.5,0.7222222222222222,0.8002764382160188
0.1711111111111111,11,150,0.6111111111111112,0.5555555555555556,0.7713322374555992
0.23555555555555557,12,250,0.5555555555555556,0.6666666666666666,0.8866536027679973
0.01,11,300,0.8888888888888888,0.8888888888888888,0.7615504341183561
0.07444444444444444,5,450,0.6111111111111112,0.7777777777777778,0.8298111818619529
0.042222222222222223,7,400,0.8888888888888888,0.5,0.9138538190255883
0.01,12,450,0.5,1.0,0.8256018337538671
0.1711111111111111,5,100,0.5,1.0,0.7152264263710997
0.20333333333333334,3,300,0.8888888888888888,0.6666666666666666,0.9253839734103992
0.1388888888888889,7,350,0.7222222222222222,0.6111111111111112,0.8165433497469327
0.1711111111111111,11,100,1.0,1.0,0.8313036988485478
0.07444444444444444,7,350,0.7222222222222222,0.6111111111111112,0.7132720580078057
0.07444444444444444,8,350,0.8888888888888888,0.8888888888888888,0.7131838027097087
0.1388888888888889,3,450,0.6666666666666666,0.5,0.9298990002177101
0.07444444444444444,12,300,0.8888888888888888,0.7777777777777778,0.9046871805156042
0.1711111111111111,4,350,0.8333333333333333,0.6111111111111112,0.819993274983779
0.3,14,450,0.7222222222222222,0.9444444444444444,0.8365751018613528
0.1711111111111111,11,300,0.8888888888888888,0.8888888888888888,0.7841866975576786
0.01,12,300,0.5,0.8333333333333333,0.9085605945937221
0.10666666666666666,6,150,0.8888888888888888,0.8333333333333333,0.8216744022222047
0.01,6,100,0.6111111111111112,0.8888888888888888,0.762308603538785
0.01,8,100,1.0,0.8333333333333333,0.9483916029640331
0.10666666666666666,10,50,0.8333333333333333,0.8888888888888888,0.777967497446572
0.3,3,150,0.9444444444444444,0.5,0.9488301638210558
0.042222222222222223,10,450,1.0,0.7777777777777778,0.7099574406407655
0.042222222222222223,8,450,0.9444444444444444,0.5555555555555556,0.8476064508142902
0.01,7,100,0.8333333333333333,0.6111111111111112,0.7920790600933063
0.20333333333333334,11,150,0.6666666666666666,0.5,0.727920182555474
0.3,3,50,0.5,0.8333333333333333,0.9438126069305323
0.07444444444444444,8,350,0.7777777777777778,0.6666666666666666,0.811915878799825
0.23555555555555557,5,450,0.5555555555555556,0.8888888888888888,0.7093978887296561
0.1711111111111111,9,200,1.0,0.7222222222222222,0.9370436055933316
0.07444444444444444,12,300,0.5,0.8333333333333333,0.9268048320843445
0.20333333333333334,5,400,0.7222222222222222,1.0,0.9202274005131804
0.23555555555555557,11,150,0.8888888888888888,0.6111111111111112,0.8871177704823524
0.20333333333333334,9,250,0.5555555555555556,0.8333333333333333,0.8510865136550304
0.01,11,350,0.8888888888888888,0.9444444444444444,0.7001658908626653
0.07444444444444444,12,100,0.8888888888888888,0.6666666666666666,0.8542760974521066
0.20333333333333334,6,450,0.7222222222222222,0.9444444444444444,0.8206469655484884
0.01,5,350,0.6111111111111112,0.5,0.8349998627825568
0.20333333333333334,12,150,0.5,0.7777777777777778,0.7278811511084644
0.01,5,200,0.7777777777777778,0.7222222222222222,0.7484431547681342
0.23555555555555557,10,50,0.8333333333333333,0.7222222222222222,0.9048889452558265
0.042222222222222223,6,350,0.6111111111111112,0.6666666666666666,0.7869426552950199
0.042222222222222223,13,100,0.5,0.8888888888888888,0.775388804503819
0.20333333333333334,8,350,0.7222222222222222,0.8333333333333333,0.91960585131787
0.2677777777777778,9,150,0.7777777777777778,0.8333333333333333,0.8357228667535657
0.01,14,400,0.6111111111111112,0.7222222222222222,0.9246838721560259
0.07444444444444444,10,350,0.9444444444444444,0.5,0.8856988186896944
0.1388888888888889,4,100,0.6666666666666666,0.7777777777777778,0.7770234325370345
0.23555555555555557,11,200,0.5555555555555556,0.6111111111111112,0.8994032349056338
0.20333333333333334,4,150,0.5,0.7222222222222222,0.7833170970394905
0.2677777777777778,6,150,0.8333333333333333,0.6111111111111112,0.7086256411956597
0.2677777777777778,9,300,0.6666666666666666,0.6111111111111112,0.9032256546189998
0.1388888888888889,14,200,0.8888888888888888,0.6666666666666666,0.8485250761095221
0.2677777777777778,7,250,0.6111111111111112,0.7777777777777778,0.8541258007687967
0.1711111111111111,13,200,0.9444444444444444,0.5,0.8283868434338035
0.042222222222222223,3,400,0.7777777777777778,0.8333333333333333,0.8405932134126177
0.2677777777777778,14,350,0.9444444444444444,0.6666666666666666,0.8821772541413064
0.20333333333333334,9,100,0.7777777777777778,0.5,0.8859982775267846
0.23555555555555557,6,400,0.6666666666666666,0.6666666666666666,0.8368272846478271
0.1388888888888889,4,400,0.7222222222222222,0.7222222222222222,0.8520581014359941
0.10666666666666666,8,350,0.7222222222222222,0.7222222222222222,0.8843212153908558
0.01,10,200,0.5555555555555556,0.6111111111111112,0.8838517056206915
0.20333333333333334,13,400,0.7777777777777778,0.9444444444444444,0.7955619641630076
0.07444444444444444,12,450,0.8888888888888888,0.7777777777777778,0.9432851618075837
0.3,11,200,0.6666666666666666,0.7222222222222222,0.9176930838025066
0.10666666666666666,7,400,0.8888888888888888,0.6111111111111112,0.9370866568890872
0.20333333333333334,13,350,0.7222222222222222,1.0,0.8846467386097444
0.20333333333333334,9,300,0.7222222222222222,0.9444444444444444,0.9038330895639639
0.042222222222222223,3,400,0.6666666666666666,0.5555555555555556,0.8300405235719464
0.07444444444444444,7,450,0.7777777777777778,0.7222222222222222,0.8021703043339579
0.20333333333333334,12,350,0.6111111111111112,0.6111111111111112,0.7946909586959144
0.042222222222222223,5,150,1.0,0.8888888888888888,0.8275013756655517
0.1711111111111111,9,300,0.5555555555555556,0.7777777777777778,0.9431579396960872
0.10666666666666666,8,50,0.7222222222222222,0.8888888888888888,0.8188919510836563
0.20333333333333334,12,150,0.6111111111111112,0.6111111111111112,0.7197976877460877
0.10666666666666666,10,450,0.9444444444444444,0.8888888888888888,0.834068910515934
0.3,7,450,0.6111111111111112,0.5,0.7965083022746724
0.2677777777777778,12,150,0.8888888888888888,0.6666666666666666,0.7915112055938257
0.042222222222222223,11,100,0.8888888888888888,0.5,0.7600420369793639
0.01,14,350,1.0,0.8888888888888888,0.9043221015859497
0.07444444444444444,5,350,0.7222222222222222,0.5555555555555556,0.7133638676875599
0.1711111111111111,13,200,0.6111111111111112,0.6111111111111112,0.7286993591337858
0.2677777777777778,6,350,0.7777777777777778,0.7777777777777778,0.7623096626402341
0.1388888888888889,10,100,0.6111111111111112,0.6111111111111112,0.7168318786247512
0.23555555555555557,3,250,0.8333333333333333,0.7222222222222222,0.8288745538985371
0.042222222222222223,8,200,0.9444444444444444,0.7777777777777778,0.7401177735707107
0.01,7,300,1.0,0.9444444444444444,0.8375326377204013
0.042222222222222223,6,300,0.7777777777777778,0.5,0.8039614903429094
0.042222222222222223,10,150,0.5555555555555556,0.8888888888888888,0.8940577304761745
0.23555555555555557,5,250,0.7222222222222222,0.5,0.8711439309866964
0.23555555555555557,3,350,0.6666666666666666,0.7777777777777778,0.7872218009475677
0.1711111111111111,6,50,0.6666666666666666,0.5555555555555556,0.7500774415136631
0.23555555555555557,3,250,1.0,0.5555555555555556,0.9056104550946572
0.23555555555555557,14,100,0.9444444444444444,0.8333333333333333,0.9269818219809822
0.10666666666666666,7,450,0.9444444444444444,0.6666666666666666,0.8812236546973733
0.1711111111111111,4,400,0.5555555555555556,0.8888888888888888,0.9080392980786127
0.3,13,300,0.6111111111111112,0.8888888888888888,0.8234330280527883
0.1388888888888889,13,50,1.0,0.5555555555555556,0.91714612711076
0.042222222222222223,14,100,0.6666666666666666,0.6111111111111112,0.8620214031665059
0.3,7,400,0.7222222222222222,0.7222222222222222,0.7941365042104166
0.20333333333333334,3,200,1.0,0.9444444444444444,0.8978869874379026
0.07444444444444444,13,150,0.6666666666666666,0.8888888888888888,0.8023639967274727
0.042222222222222223,11,100,0.7222222222222222,0.7222222222222222,0.9364505223410069
0.1711111111111111,5,150,0.8888888888888888,0.7222222222222222,0.7624378162152604
0.042222222222222223,7,100,0.5,0.8888888888888888,0.8723759619868182
0.23555555555555557,11,450,1.0,0.8333333333333333,0.9062776008724401
0.042222222222222223,3,200,0.9444444444444444,0.8888888888888888,0.9496278839119512
0.042222222222222223,5,150,1.0,0.5555555555555556,0.7796985027036853
0.1388888888888889,7,300,0.6666666666666666,0.6666666666666666,0.9229433540880889
0.20333333333333334,12,100,0.7222222222222222,0.5,0.8148163029421824
